name,email,phone
Kenneth Mayert,rocky.mraz@yahoo.com,570-084-6642 x12544
Emerson Morissette III,hilario.cormier@gmail.com,637.833.4503 x954
Thad Upton V,demetria.krajcik@yahoo.com,(264) 302-0195 x197
Ms. Rolland Erdman,louis.parisian@hotmail.com,1-010-653-3363 x4376
Lorenzo Bergnaum,charley.metz@gmail.com,185-893-2288 x8735
Maryellen Conn,jesse.dibbert@gmail.com,1-903-697-7688 x8396
Edwardo O'Conner,luba.bailey@gmail.com,455-778-3952
August Upton,sadye.simonis@yahoo.com,(734) 914-9932 x02390
Nestor Ratke,johnathon.leannon@hotmail.com,590-275-0196 x96037
Garrett Blick,bernardo.nitzsche@yahoo.com,650-092-7178
Ms. Lonny Larkin,rocky.okeefe@gmail.com,(096) 234-6892 x1954
Jan Zulauf,sterling.ferry@gmail.com,806-341-0732 x288
Mittie Hammes,carroll.kris@yahoo.com,(238) 873-5957
Orpha Halvorson Sr.,zandra.conroy@hotmail.com,125.197.6449
Alyson Rau,andreas.heaney@hotmail.com,(915) 505-1911
Isaac Ferry,brice.von@gmail.com,1-374-668-8467
Katina Fadel,rodger.lueilwitz@gmail.com,(051) 485-5792
Miss Jose Pouros,brett.kiehn@hotmail.com,651.048.6320
Mr. Meg Welch,son.stracke@yahoo.com,(258) 837-4524 x05880
Dr. Cortez Schmidt,cecil.jacobson@hotmail.com,(009) 572-3880
Marguerite Stracke,joye.walsh@yahoo.com,981-982-2615 x9645
Ngan Wintheiser,myrna.ullrich@hotmail.com,861-525-4980 x6957
Darron Pfeffer,hermina.dietrich@hotmail.com,421-213-0404
Mrs. Nancee White,collin.corkery@hotmail.com,1-683-106-3618
Jene Block,lindsay.stehr@hotmail.com,(897) 940-7036 x1682
Jorge Miller,akilah.towne@gmail.com,1-369-700-7597 x106
Antonetta Grady Sr.,lizbeth.wisozk@yahoo.com,1-844-913-0980 x85881
Gregorio Williamson,lurlene.hand@hotmail.com,698-424-6113
Ms. Lillia Lubowitz,grady.hoeger@gmail.com,075-284-6257 x869
Jan Terry,olin.von@hotmail.com,331.768.9511 x54646
Whitney Kuphal,cyril.mcglynn@hotmail.com,(599) 338-9138 x6377
Hilda Kilback,catherin.kemmer@yahoo.com,1-435-862-9998 x74573
Brenton Bahringer,malena.cruickshank@yahoo.com,(607) 033-0638 x4657
Mistie Gleason,ernestine.gulgowski@hotmail.com,1-512-207-1452
Raisa Hackett,billi.denesik@gmail.com,(718) 144-4921
Asa Heathcote,nisha.wolff@yahoo.com,(058) 885-9855 x9866
Dana Daniel,lora.mertz@yahoo.com,(175) 371-5493
Ismael Morar DDS,eloy.leuschke@yahoo.com,(273) 024-2500 x861
Benedict Jacobi,walter.corkery@gmail.com,204-873-6431 x2616
Agueda Fay,maria.zboncak@hotmail.com,(587) 025-3683 x28631
Corey Padberg,johnny.bruen@hotmail.com,895-707-2451
Dana Zieme,mila.senger@gmail.com,1-617-490-2190
Lynwood Waelchi,alvaro.kuhlman@yahoo.com,639-083-5097 x8450
Israel Grimes,mathew.armstrong@gmail.com,974-860-7112 x076
Denny Frami PhD,verna.mitchell@yahoo.com,1-976-883-1392 x540
Mrs. Aron Schuppe,dannie.rice@yahoo.com,1-461-367-9992 x82248
Martin Kautzer,gabriel.dach@yahoo.com,1-339-484-8789 x61939
Nancee Heidenreich,devona.moore@hotmail.com,652.268.3561 x261
Whitney D'Amore I,francisco.flatley@yahoo.com,(901) 064-7324
An Mohr,annabell.flatley@yahoo.com,696.037.4083
Gene Hilpert,liza.bernhard@hotmail.com,849.796.2495
Hermila Muller,ellamae.schiller@gmail.com,1-413-102-4452 x24836
Hyman Daugherty,yong.murazik@yahoo.com,1-019-610-6365 x7892
Ms. Lane Ratke,wilson.emmerich@hotmail.com,1-153-697-8052
Tillie Jenkins,breanne.purdy@gmail.com,637-167-7391 x6183
Leia Upton,dee.baumbach@gmail.com,926.825.1869
Jerlene Glover II,ken.senger@hotmail.com,746.818.7636
Mrs. Arnulfo Wehner,kristopher.murray@gmail.com,238-662-7381
Dr. Adalberto Crist,garry.mayert@gmail.com,014-532-8821 x0348
Dallas Kulas PhD,danuta.beer@gmail.com,(319) 932-4469 x8147
Miss Loyd Price,karly.stroman@yahoo.com,718.249.9898 x99866
Lillie Dickinson,shin.stroman@yahoo.com,337.390.6299 x476
Gale Kling,hollis.stoltenberg@hotmail.com,963-201-2595
Mrs. Maya Blick,adrian.morar@hotmail.com,561.893.1094
Jo Marks DVM,ernesto.waelchi@hotmail.com,(857) 574-0544 x24511
Valery Brown,delmer.bogisich@yahoo.com,(186) 303-8453
Fern Grant,lizabeth.wuckert@yahoo.com,102.221.5261
Odell Terry,sol.ledner@yahoo.com,321-638-0828
Grant Nolan,ocie.hermiston@yahoo.com,174.549.7445 x81565
Corene Carter,oscar.koepp@yahoo.com,(152) 662-3749
Audrey Feest,lashell.west@hotmail.com,112.108.4322
Mrs. Valentine Fritsch,lawana.ziemann@yahoo.com,739.501.5819
Claude Walter,kermit.fisher@yahoo.com,586.164.5658 x71626
Ronny Crona DDS,danial.zulauf@yahoo.com,264.352.8352 x9670
Honey Kemmer,inell.stracke@yahoo.com,(435) 837-1065 x6843
Fernando Medhurst,glenn.senger@gmail.com,(027) 287-4794 x848
Aubrey McDermott,josephine.tremblay@yahoo.com,(968) 054-3125 x117
Herbert Jenkins,maye.hauck@gmail.com,1-633-026-7770 x6935
Evan Tremblay,melvin.nitzsche@yahoo.com,1-060-756-9870 x23200
Garrett Hirthe,trey.corkery@yahoo.com,231-452-5292 x4687
Cletus Senger,rod.zboncak@yahoo.com,(570) 903-7515
Eliseo Wisoky,odell.wehner@yahoo.com,679-838-3739
Elli Lakin IV,cori.streich@gmail.com,1-650-617-0276 x964
Lemuel Heidenreich,xavier.lindgren@yahoo.com,1-405-746-2962
Ofelia Fisher,tamisha.lesch@hotmail.com,115.355.1801 x82569
Tristan Jacobson,joi.kautzer@yahoo.com,350-430-7981
Franklin Christiansen,felicita.cruickshank@hotmail.com,(336) 870-4846 x41467
Alphonso Hyatt,earl.dubuque@hotmail.com,869.037.3811 x4662
Rafael Schultz,hung.walter@yahoo.com,(225) 888-2543 x53274
Jene Zboncak,noel.hermann@gmail.com,1-396-494-5912
Eugene Spinka,felipe.medhurst@gmail.com,218.201.1045
Gonzalo Pfeffer,maribel.hilpert@hotmail.com,(571) 618-2863 x8875
Loyce Cummerata,antwan.leuschke@yahoo.com,1-576-193-3475 x189
Lesley Boehm,santo.maggio@yahoo.com,(241) 298-0133
Adam Renner,cory.goldner@yahoo.com,1-394-542-7798
Marc Ortiz,frances.wehner@yahoo.com,587-719-0072 x61569
Titus Pacocha III,angelika.gleason@gmail.com,357-480-0021
Reyes Tremblay,milan.koss@gmail.com,830.027.2405 x066
Fredrick Gerhold,shanita.haag@yahoo.com,015.475.9457 x094
Porsha Bode,theo.tromp@gmail.com,619-218-7220
Jean Lesch MD,mirta.pacocha@yahoo.com,1-217-186-8842
Adalberto Russel IV,candyce.klein@gmail.com,(548) 037-9030 x7891
Farrah Dare,man.langworth@yahoo.com,(569) 421-9390 x064
Chadwick Tillman,franklyn.moen@yahoo.com,874-169-4982 x996
Ida Morar,chauncey.kutch@hotmail.com,186.093.6050
Arletha Hilpert,camila.rippin@yahoo.com,(368) 495-9409 x416
Heather Gorczany,ricky.kilback@gmail.com,434-056-5371 x999
Joselyn O'Kon,kendrick.okeefe@hotmail.com,529.955.6739 x730
Suzy Roob Sr.,danica.emmerich@gmail.com,(662) 698-8654 x284
Vernetta Cremin,lincoln.hackett@gmail.com,(222) 710-6417 x126
Mao Harris,chadwick.rempel@hotmail.com,(101) 882-7318 x9428
Kallie Pollich,karole.schaefer@gmail.com,1-492-507-5528 x8792
Anglea O'Conner I,chadwick.gutkowski@hotmail.com,(972) 860-2726 x7717
Julio Nader IV,zack.harvey@hotmail.com,1-270-124-9820
Rosy Green,donte.sanford@gmail.com,474-458-5890 x901
Bong Braun,regina.mayert@hotmail.com,(040) 574-1501 x76437
Marian Kihn,rodger.kuphal@yahoo.com,1-445-513-8630
Mr. Dreama Fisher,lenard.bernier@yahoo.com,(082) 240-7046 x48088
Desmond Hintz,luna.zboncak@hotmail.com,1-958-118-9890
Sid McGlynn Sr.,carolina.kuvalis@hotmail.com,314.786.7315
Barry Torphy,fabian.gleichner@yahoo.com,291.603.6693
Ms. Tyrone Trantow,dawn.rogahn@yahoo.com,614-577-4748 x8759
Billy Monahan,leanora.cruickshank@gmail.com,(758) 957-5446 x44810
Kennith Marks,nikia.purdy@gmail.com,820-130-1865 x881
Archie Kihn,kelvin.jerde@gmail.com,183-553-0619
Ashely Mohr,freddy.grant@gmail.com,116-392-6271 x2008
Tonita Bartell,latina.mcclure@yahoo.com,1-956-828-7470 x41327
Heather Kozey Jr.,donnie.murphy@yahoo.com,198-799-9215 x83078
Ms. Dwight Frami,jacqueline.rempel@yahoo.com,088-785-0425
Dr. Leanna Leuschke,chang.steuber@hotmail.com,(210) 709-0665
Synthia Lind,eric.lubowitz@gmail.com,(293) 286-1693
Audie Williamson,renato.kub@gmail.com,1-359-043-8534
Cornell Robel,wilbur.nicolas@yahoo.com,006-949-0782
Ken Ritchie IV,beau.breitenberg@yahoo.com,1-710-462-2400 x353
Elliott Langworth,katerine.hudson@yahoo.com,(604) 515-3424 x0985
Darrell Renner,annalee.tremblay@gmail.com,1-531-480-4370
Yee Yundt,darryl.langosh@gmail.com,1-293-681-8780
Lillian West,ettie.wilkinson@hotmail.com,1-153-258-7125 x18863
Carson Gusikowski,evangeline.champlin@gmail.com,1-500-001-8689 x947
August Gislason DDS,tony.johns@hotmail.com,533.282.5526
Ms. Katina Rolfson,elma.dibbert@yahoo.com,951.684.8251 x94177
Mara Christiansen,sydney.bailey@gmail.com,980-658-5456 x92548
Maura Windler,werner.rippin@yahoo.com,809.924.6339
Trinity Roberts,vilma.stoltenberg@yahoo.com,477.263.4487 x78478
Earl Carroll,lionel.rogahn@hotmail.com,734.597.6346 x979
Mattie Funk,silvana.doyle@gmail.com,805.673.5398
Ms. Paris Mayert,napoleon.jerde@gmail.com,(614) 364-4351
Miss Loura Dickens,benjamin.homenick@hotmail.com,396-178-4995 x273
Ann Mertz,willie.collier@gmail.com,1-491-329-8535
Kevin Corkery,irving.adams@yahoo.com,(436) 607-7761 x96688
Briana Kub,elwood.crist@hotmail.com,946-892-9512 x0643
Eddie Walter V,gladys.johnston@hotmail.com,853-308-6594 x812
Ivan Hansen,eddy.dooley@yahoo.com,(920) 409-4794 x6890
Mrs. Willard Swift,roman.becker@yahoo.com,158-852-6883 x02729
Fatimah Osinski,despina.homenick@hotmail.com,710-572-4250 x934
Christene Quitzon,jerald.spencer@gmail.com,1-845-383-0142 x933
Augusta Bailey,chang.bailey@hotmail.com,1-035-212-7202 x1536
Frederica McLaughlin,meaghan.lindgren@hotmail.com,(079) 545-7940 x428
Mrs. Mertie Schmidt,guy.jenkins@yahoo.com,(248) 276-7945
Abel Hand,alane.hegmann@yahoo.com,412.538.3410 x404
Arlen Senger Sr.,franklyn.thompson@yahoo.com,496.546.0496 x046
Jess Heller PhD,billy.koch@hotmail.com,948-642-3286
Donn Kuhlman,josefina.schmitt@yahoo.com,752.295.3812
Sharice Turcotte,kiley.witting@gmail.com,017.403.3685
Ms. Harry Padberg,randolph.dare@hotmail.com,890-300-0146 x13225
Eddy Stiedemann,lou.kautzer@yahoo.com,1-399-863-3844
Ernie Fahey,mika.heaney@hotmail.com,(238) 751-0535
Eddie Waters,rachell.thiel@gmail.com,(951) 923-6634 x89175
Cherelle Hauck,maurine.labadie@gmail.com,(169) 391-5463
Ambrose Gottlieb,yanira.mcclure@hotmail.com,(740) 203-8928 x984
Jonell Robel,deena.lind@yahoo.com,621-856-6807
Marlana Kshlerin,alex.shields@gmail.com,861.946.5225 x90466
Maryland Frami,lacresha.pfannerstill@hotmail.com,974-713-4771 x80262
Lashell Bins Jr.,willy.denesik@hotmail.com,1-659-452-4841 x4221
Sergio Bartell,troy.rodriguez@hotmail.com,1-773-029-9168 x219
Mr. Daron Weissnat,jacques.kuphal@gmail.com,175-460-8269 x490
Shad Kirlin,jesenia.konopelski@hotmail.com,659.347.4618 x57177
Lonnie Hansen,marietta.wiegand@hotmail.com,1-705-720-4616
Carlos Wolff,merrill.hoppe@gmail.com,858.162.8051 x121
Ms. Aaron Johnson,joye.schroeder@yahoo.com,471.614.8317
Eldon Johns,merideth.dubuque@yahoo.com,886-421-3633
Trish Yundt,marc.hickle@gmail.com,047.247.6223
Miss Jenae Maggio,burton.hayes@yahoo.com,455.213.8683
Ms. Sherill Dietrich,garrett.renner@hotmail.com,443.940.9260
Heide Sawayn,aura.lang@hotmail.com,981-469-0826 x01856
Miss Leigha Trantow,glady.schowalter@gmail.com,(908) 782-2955
Francisco Bailey,jennefer.zulauf@gmail.com,(090) 511-1267
Miss Vernita Schinner,winifred.bins@hotmail.com,840.163.3789 x7411
Alejandro Osinski,melony.volkman@yahoo.com,396-972-4537 x88601
Noella Graham,abraham.white@hotmail.com,391.798.9172
Leonel Grimes,johanne.runte@gmail.com,757-789-4338
Chung Streich PhD,pattie.klocko@gmail.com,942.554.2977
Willie Gutkowski DDS,sima.kovacek@yahoo.com,699-825-3638 x630
Dante Kessler,bob.bradtke@hotmail.com,775-389-6234 x31163
Alfredo Reynolds,nu.beatty@hotmail.com,592-977-0187
Jaymie Douglas V,lizbeth.renner@hotmail.com,1-231-785-6903
Esteban Moen II,deon.kozey@hotmail.com,1-534-975-0069 x2105
Lenore Jones,trey.champlin@gmail.com,1-858-854-5688
Ms. Ron Orn,norberto.franecki@hotmail.com,(178) 925-2715 x9970
Fernande Rice Sr.,shane.harris@yahoo.com,123.055.0326 x0579
Marshall Hammes,german.toy@yahoo.com,1-504-118-0088 x366
Andres Walker,ellamae.jones@hotmail.com,857-158-5656 x243
Mrs. Mozella Brakus,malorie.denesik@yahoo.com,(175) 232-7834 x4578
Jonah Shanahan,cherri.hermiston@gmail.com,(429) 134-8248 x863
George Jerde,kaci.emard@yahoo.com,908.077.9104 x1501
Ms. Donn Cole,adah.hegmann@yahoo.com,358-192-0154 x0467
Larry Tillman,russell.ward@gmail.com,983.469.3717 x57244
James Hackett,isaias.lemke@yahoo.com,257.861.4134 x355
Chun Connelly,raguel.predovic@hotmail.com,1-882-636-4851
Jamie Welch,melodi.schinner@gmail.com,889.369.6055
Mr. Alphonse Rempel,hai.moore@hotmail.com,(534) 851-4131 x92715
Tiffaney Spinka,alva.west@hotmail.com,1-693-960-1327
Dave Schmeler,carlos.klein@hotmail.com,(050) 099-4835 x0106
Chester Keeling,young.padberg@gmail.com,898-620-1085 x88020
Ali Denesik,renee.bednar@yahoo.com,826-665-8286 x0159
Dr. Edith Vandervort,cortez.smith@gmail.com,516.674.0335 x995
Herman Quitzon,pamella.mayert@gmail.com,602-583-2533 x667
Debrah Spinka IV,ariel.corkery@yahoo.com,246.009.4828
Ms. Henrietta Kirlin,carylon.wunsch@yahoo.com,(162) 043-3692
Lezlie Spencer DVM,blaine.beahan@gmail.com,335.009.0700
Toccara Bahringer Sr.,lance.ernser@hotmail.com,517.677.8136
Aubrey Towne DVM,von.murray@yahoo.com,652.864.4226 x79250
Clemente Koelpin MD,twana.stark@gmail.com,956-680-7935 x09718
Shana Kessler,max.wolff@hotmail.com,159-924-1509
Dr. Percy Streich,burton.turcotte@hotmail.com,966.481.0395 x0444
Kristle Erdman,luke.hickle@hotmail.com,1-349-405-3678 x92530
Vernon Hermann,samuel.kihn@gmail.com,607-862-6796 x099
Vertie Rau,fredia.boyer@hotmail.com,(708) 113-1832 x023
Erik Leffler,lanny.miller@hotmail.com,1-470-398-9327 x58739
Gino Fahey,shanelle.gislason@yahoo.com,403.259.0841 x4857
Zelda Mante,felice.ratke@hotmail.com,1-312-136-0879 x58098
Albert Beahan,brittney.denesik@gmail.com,1-207-721-7839
Stacee Jenkins,seth.harvey@hotmail.com,478-526-4767 x20912
Clemencia Donnelly,perry.mante@hotmail.com,(745) 161-4680
Dr. Valarie Wolff,kurt.jones@hotmail.com,1-037-585-1486 x5833
Keenan Blick,elda.mann@yahoo.com,796-199-7452
Love Gerlach,rogelio.heidenreich@gmail.com,1-555-899-3967 x642
Ms. Daine Wiegand,tod.upton@hotmail.com,152.289.7248
Wilbert Larson,wilma.steuber@hotmail.com,1-471-972-5337 x0529
Tiffani Bode,maren.waelchi@yahoo.com,760.657.5914
Richard Fay III,jame.oconner@yahoo.com,1-665-850-8586
Sterling Green,rachal.kiehn@yahoo.com,977.041.1356
Tyson Zulauf,fausto.turcotte@hotmail.com,1-959-272-2420
Cassaundra Walker,dakota.trantow@hotmail.com,(473) 534-3572 x948
Dr. Josef Collins,alysha.langworth@gmail.com,(312) 657-5193 x4909
Mr. Leann Pacocha,georgeann.kuhic@yahoo.com,604-493-7859
James Bahringer,donya.beier@hotmail.com,062.389.6700 x604
Ms. Quinn Fadel,tyrell.muller@hotmail.com,(643) 506-3007
Abel Torphy,griselda.aufderhar@yahoo.com,917.465.7916
Myles Reichert IV,shiloh.schinner@yahoo.com,1-906-096-4910
Kandra Wuckert,jeanette.rosenbaum@gmail.com,783.293.9866
Ms. Lorraine Wilderman,jeanne.hilll@gmail.com,660.050.2841 x9784
Mr. Al Frami,jude.johnston@yahoo.com,711.449.8044 x239
Berry Halvorson,terrance.runte@yahoo.com,1-996-721-2449 x0744
Kelle Mraz,francene.hoeger@yahoo.com,(390) 132-0550 x725
Gricelda Mayer,julio.gusikowski@yahoo.com,1-216-485-5253
Damian Gaylord Jr.,renea.senger@hotmail.com,266.804.0457 x911
Mrs. Mathilda Cronin,sharell.rutherford@yahoo.com,(721) 038-7809
Mrs. Marlon Terry,marilee.vonrueden@gmail.com,1-803-256-5984 x197
Ms. Vicky Farrell,arden.west@yahoo.com,1-464-707-2280 x51527
Rigoberto Shanahan PhD,florene.kshlerin@yahoo.com,(502) 718-2965 x504
Jesse Conn,dulce.white@yahoo.com,(041) 960-9468 x671
Solomon Schmeler,reggie.goyette@gmail.com,1-582-357-4092
Mary Towne,miranda.kuhn@yahoo.com,1-650-516-1199
Suzy Kris,angelyn.abernathy@gmail.com,219.350.2133 x378
Lupe Veum,collene.hansen@yahoo.com,389-186-4237 x0329
Ali Waters,jayne.rutherford@hotmail.com,534.560.0923 x8557
Tory Smith,tomas.sipes@hotmail.com,343-276-0078
Derrick Klein,salvador.will@yahoo.com,1-255-061-3955 x80040
Johnnie Mills Jr.,ramon.altenwerth@hotmail.com,(538) 007-6796
Cedrick Medhurst,eldon.hodkiewicz@hotmail.com,1-348-718-1336 x33274
Shara Williamson,sue.jacobi@hotmail.com,1-237-415-5603 x848
Mr. Kristan Upton,giovanni.langworth@yahoo.com,(645) 606-4685 x601
Alyssa McCullough,derek.bergnaum@hotmail.com,963.913.7436
Ms. Milford Olson,loyd.okon@yahoo.com,505.950.0348 x0006
Marshall Mertz,ethan.runolfsson@gmail.com,1-325-365-8336 x3594
Hester Koss,fiona.lubowitz@hotmail.com,577.062.4184
Iesha Brekke III,anette.bahringer@gmail.com,1-841-937-5164 x47842
Shaunda Muller,cora.cronin@gmail.com,987.828.7943
Mrs. Jenifer Luettgen,jamey.cormier@hotmail.com,(315) 653-0044 x643
Shela Gislason,bob.wolf@yahoo.com,1-979-457-0401
Bryon Veum,jules.brakus@gmail.com,680.914.4493
Kip Mitchell,elfriede.kessler@yahoo.com,921.800.0693
Emery Sipes,son.huels@yahoo.com,406-114-7964
Noble Cormier,cyrus.rippin@gmail.com,644.497.7692 x173
Ms. Ivory Braun,garland.luettgen@yahoo.com,722-909-6115 x840
Ashanti Nienow IV,jenny.lakin@gmail.com,(072) 328-9680 x545
Cary Stokes,eliseo.nolan@yahoo.com,1-193-510-4618 x8473
Michale Hayes,kristel.cruickshank@yahoo.com,650.156.2500 x895
Leon Keeling,sanjuanita.beer@hotmail.com,(337) 727-6431 x076
Fausto Herman,norris.rosenbaum@gmail.com,744.667.9524
Jennine Waters MD,eduardo.senger@hotmail.com,(424) 518-6791 x3470
Ms. Sherril Corkery,vito.smitham@hotmail.com,1-484-343-2755 x75074
Ms. Cassaundra Farrell,elanor.lueilwitz@gmail.com,014.769.0352
Scot Powlowski III,katharine.yundt@hotmail.com,888.879.3041 x3203
Tresa Mohr DVM,jonie.baumbach@hotmail.com,(335) 746-9891 x636
Marx Schuppe,samuel.johns@gmail.com,1-017-758-3872
Elisa Davis DDS,lashon.kreiger@yahoo.com,1-379-736-3327
Latasha Goyette,lin.murazik@hotmail.com,685-933-7050
Britteny Grimes,cameron.dooley@hotmail.com,000.349.1610 x493
Hal Huels,cameron.hills@hotmail.com,781.912.5085 x816
Kraig Beer PhD,alvaro.sauer@hotmail.com,1-964-544-9053
Jami Wiza,lorenzo.treutel@yahoo.com,1-448-050-2359 x92065
Mr. Ervin Gislason,zack.denesik@yahoo.com,470-263-4997 x05351
Spring Windler I,cyrus.hyatt@yahoo.com,(909) 413-2059
Dr. Kathaleen Price,walton.lesch@yahoo.com,(234) 951-2674
Moses Nader,avery.white@gmail.com,1-043-385-3361
Almeda Howell,aurore.toy@gmail.com,501-493-5516
Virgie Douglas,oma.lebsack@hotmail.com,541-067-6977 x628
Mr. Grayce MacGyver,sofia.windler@gmail.com,482-771-7306
Ms. Michel Shields,florene.cronin@gmail.com,(794) 140-4551
Brandie Zulauf V,collin.mraz@hotmail.com,1-356-624-9173 x51209
Cole Lebsack,agustin.schoen@gmail.com,(644) 460-9798 x27461
Maud Ebert,marcel.reichert@gmail.com,961-256-4366
Mr. Sterling Romaguera,milo.rice@yahoo.com,(015) 198-4879 x5978
Carolyn Bashirian,carlee.schuppe@yahoo.com,358.205.7225 x864
Norberto Hackett,chet.ledner@yahoo.com,620.679.9905 x544
Frederic Okuneva,rosetta.hegmann@yahoo.com,(236) 929-1993 x09990
Dr. Maria Rath,analisa.stracke@hotmail.com,717-313-1530 x7346
Rick Bergnaum II,kimi.pouros@yahoo.com,225-832-1759 x7975
Ricardo Hoppe,scarlet.reynolds@yahoo.com,057-215-8824
Earl Larson,ferdinand.smitham@gmail.com,413-732-8154
Kortney Marks,carola.bogan@gmail.com,1-764-027-5851 x234
Antonina Reichel DDS,luvenia.beahan@hotmail.com,1-635-620-8203 x4428
Lorraine Cassin,weston.haley@yahoo.com,1-232-605-9640 x48071
Dominique Cormier,rupert.considine@gmail.com,(781) 104-6347
Otha Wehner,olimpia.pfannerstill@gmail.com,545-304-3783
Gregg Nikolaus,brenda.koss@hotmail.com,097.285.1040 x18256
Miss Jacquelynn Christiansen,jared.smith@hotmail.com,1-596-624-0747
Micheal O'Conner,yvette.wiegand@yahoo.com,585-421-5943 x91641
Damion Hickle,cassi.kilback@hotmail.com,(194) 460-3649
Tim Macejkovic,marielle.huel@yahoo.com,(093) 595-0375
Nicolas Mraz II,thanh.ernser@gmail.com,1-733-862-5562 x948
Austin Hyatt,myles.legros@hotmail.com,040-428-0963
Julian Tremblay,neal.gislason@hotmail.com,150-798-9604 x388
Bert Brakus,paulita.douglas@hotmail.com,872-942-1585
Lynetta Oberbrunner,lamont.lesch@gmail.com,269-144-0371
Fredric Jerde,nancie.mante@yahoo.com,1-779-312-5319 x54955
Taunya Pollich,pennie.lesch@yahoo.com,728-325-1310 x7725
Miss Ludie Farrell,trent.dach@yahoo.com,1-982-865-3290 x3822
Jonnie Metz,juanita.bartell@gmail.com,1-598-151-4812 x6002
Lashay Runolfsdottir,carlos.hilpert@gmail.com,845-066-1280
Arlene Zieme DDS,eula.west@hotmail.com,892.925.0442 x219
Phil Kutch,allen.orn@hotmail.com,(283) 524-6488
Caprice Stoltenberg,kristal.sauer@yahoo.com,1-014-071-2972 x7356
Alan Howell,rey.wolff@yahoo.com,691-627-0686 x9029
Glendora Pouros,lincoln.schimmel@gmail.com,088.219.6217
Jerrell Abshire,conception.oreilly@gmail.com,(667) 195-4560
Aja Ratke,darline.boyle@hotmail.com,213.199.4295 x35062
Carolee Ankunding,eliseo.bosco@yahoo.com,1-953-677-0249 x43017
Buford Rau,kirk.steuber@hotmail.com,1-553-692-1951
Mrs. Jon Parker,morgan.pfannerstill@gmail.com,(202) 043-0994 x666
Jefferson Stehr III,deb.moore@yahoo.com,924.414.3251
Lillia Reynolds,stacy.quitzon@hotmail.com,767.973.9764
Nilda Watsica I,erin.parker@hotmail.com,(384) 812-7034
Dianna Luettgen,emilio.becker@yahoo.com,301.741.0875
Kelly Leannon,will.mertz@yahoo.com,1-769-161-7486 x53084
Alfonzo Donnelly DDS,kendrick.hayes@hotmail.com,1-646-124-2277 x993
Mr. Shawnna Frami,rosana.satterfield@hotmail.com,(592) 342-2240 x814
Ka Cruickshank,solange.morissette@hotmail.com,(271) 237-5245 x38442
Ms. Clarisa Lind,sheryll.wilkinson@yahoo.com,1-896-921-8179
Sam Klein,dean.dooley@hotmail.com,(544) 627-9262
Bianca Zieme,bertha.jast@yahoo.com,1-841-371-9512
Mrs. Carole Bruen,beatris.cole@yahoo.com,950.981.1932
Corina Jacobs,londa.predovic@yahoo.com,(564) 998-4550
Tyisha Johns Sr.,aline.schowalter@hotmail.com,281-150-2175 x97743
Sidney Brown,miguel.konopelski@yahoo.com,130.507.0468 x6942
Azzie Spinka,virgil.mraz@hotmail.com,365-660-2668 x8161
Liza Farrell,loura.glover@hotmail.com,765-159-5249 x977
Meggan Casper,ashton.ratke@yahoo.com,1-098-405-2028
Jamaal O'Connell,karen.nolan@gmail.com,980.042.0508 x113
Dr. Neda Kuphal,felix.anderson@hotmail.com,088-109-6280
Normand Abernathy,marti.west@hotmail.com,1-658-285-3117 x481
Gina Boehm,kortney.dicki@yahoo.com,141-630-2049 x052
Bethany Stoltenberg,jesus.upton@yahoo.com,1-004-199-7364
Logan Brown,jackie.oconnell@gmail.com,(384) 594-6674
Eleanore Mraz,dennis.luettgen@gmail.com,(215) 007-7418 x5969
Alejandra Carter,devon.casper@gmail.com,033.833.3846 x07038
Dr. Jerrod McKenzie,kathy.leuschke@yahoo.com,(249) 277-0018 x0553
Terrie Schuster,britney.jerde@yahoo.com,295-080-8021 x9520
James Marks V,leonie.haag@gmail.com,042-721-1270 x97289
Mrs. Lucina Ryan,delores.pagac@yahoo.com,(566) 405-1095 x9897
Cristopher Johnson,tod.hartmann@gmail.com,(016) 680-7235 x4980
Raul Hintz I,tyron.altenwerth@yahoo.com,1-477-543-3504 x372
Miss Errol Pouros,arnulfo.gottlieb@hotmail.com,(338) 698-4194
Latoyia Kub,johnie.padberg@yahoo.com,305.648.3381 x257
Nena Russel,christa.padberg@gmail.com,854.986.4352
Nona Goldner DDS,henry.mohr@gmail.com,1-306-989-6263
Raye Schulist,lianne.okeefe@hotmail.com,543-898-1139
Brad Corkery Jr.,bud.cassin@gmail.com,793-160-5133
Gina Johns,florentino.pacocha@hotmail.com,641.048.3418 x640
Robby Bruen,karrie.gulgowski@gmail.com,181.305.6756 x912
Hector Beer,jaime.aufderhar@hotmail.com,353-704-4305 x28087
Roni Carter,leigh.stamm@hotmail.com,1-938-194-1190 x7084
Launa Feeney,ester.vandervort@gmail.com,181.421.3064 x44150
Horacio Hagenes,tracy.johns@hotmail.com,447.402.7688 x929
Audrey Green,scott.marks@gmail.com,940.507.9736
Tyson King III,christoper.kozey@hotmail.com,499-532-4769 x237
Erich Funk,gillian.bauch@hotmail.com,721-322-5472 x87787
Jarvis Brakus,margery.effertz@hotmail.com,1-435-273-2296
Justin Reilly DDS,seth.homenick@yahoo.com,621-375-0404
Fermina Schaden,darrel.russel@gmail.com,(295) 406-5141 x42759
Anderson Cronin,russell.champlin@yahoo.com,034-858-3240 x7000
Ms. Gianna Kreiger,agustin.tillman@yahoo.com,869-546-1944 x49110
Emmie Ankunding,kurtis.welch@yahoo.com,1-924-071-8579
Davis Waters,oren.larson@yahoo.com,648-177-5919
Melony Nader PhD,elisha.keebler@yahoo.com,1-221-043-8433 x63900
Ms. Steven Berge,lawerence.kertzmann@gmail.com,695-671-8270 x7636
Florence Braun,loura.pacocha@gmail.com,264-681-7638 x4631
Jeff Cormier,rima.skiles@yahoo.com,(569) 473-8771
Jacinto Rogahn DVM,dexter.bechtelar@yahoo.com,242-045-8131 x2985
Dexter Bailey Jr.,otilia.rodriguez@gmail.com,(935) 401-2528
Melda Pfannerstill,adolfo.kuhn@hotmail.com,491.027.7369 x4822
Giovanni Jaskolski,julian.haley@yahoo.com,(904) 685-2218
Ms. Benton Macejkovic,soo.kuhic@yahoo.com,978.704.8934 x33549
Lottie Bins,cammy.jerde@hotmail.com,1-165-381-8637 x580
Dr. Esperanza Heidenreich,terrilyn.beahan@hotmail.com,(320) 425-5662
Cameron Orn,georgie.ullrich@yahoo.com,326-279-1867 x339
Denny Weber,tianna.dare@gmail.com,524.842.8319 x955
Babara Jerde DVM,dahlia.kling@gmail.com,1-378-256-6300 x147
Mr. Mallory Smitham,issac.prohaska@gmail.com,1-637-503-1792 x26535
Chuck Fritsch,mamie.dicki@hotmail.com,1-365-840-5879 x79481
Yong Daugherty,tabitha.rippin@gmail.com,977-002-0954
Arlene Gleason,perry.turcotte@yahoo.com,050-332-2600 x18591
Cayla Corwin,alvaro.goldner@yahoo.com,062-953-8703 x31096
Dallas Schmitt,zachery.oconner@yahoo.com,417-624-3734 x8365
Mr. Aliza Schiller,sean.moore@gmail.com,617-703-1884 x527
Marx Lehner,rodolfo.bode@yahoo.com,088.783.9807 x70863
Dr. Lenora Nikolaus,angel.wiegand@gmail.com,(853) 214-7262
Miquel Bogisich,don.torp@hotmail.com,(051) 129-0482
Adelina Kessler MD,alicia.goodwin@gmail.com,454.492.7889 x3389
Sudie Greenfelder,bernardina.klocko@gmail.com,701-203-2448
Demetrius Abernathy III,shellie.ohara@yahoo.com,109-694-0723 x918
Dr. Shenna Balistreri,wesley.dickinson@hotmail.com,1-444-227-0734 x5553
Jose Grant,bryan.abernathy@hotmail.com,1-680-783-5608 x802
Belen Welch,veda.mante@yahoo.com,075.238.3708 x408
Gudrun Corwin,jacquline.abernathy@hotmail.com,327-238-4639
Joanne Barrows,scottie.abshire@hotmail.com,(640) 680-8002 x42275
Boyce Wiegand,jamison.casper@yahoo.com,627-771-3396
Moriah Lemke,terese.stark@gmail.com,230-220-2877
Lonny Flatley,delila.hintz@hotmail.com,1-582-479-2603
April Rippin,amal.mann@yahoo.com,755-777-3593 x0104
Mrs. Reginald Sipes,india.stamm@yahoo.com,(789) 793-8987 x09800
Clair Littel V,melissa.bogan@hotmail.com,(507) 813-7425 x3733
Mr. Harlan Kshlerin,wesley.davis@hotmail.com,480-223-5267
Chris Armstrong V,alan.satterfield@hotmail.com,197.394.0630 x158
Ariel Rolfson,lorrine.mraz@gmail.com,120.050.9368 x814
Sol Reilly,cecil.lockman@hotmail.com,092-453-7433 x0849
Deandre Mitchell,hilma.flatley@gmail.com,1-885-853-9363
Geralyn Wiza,cedric.gerhold@hotmail.com,(720) 089-1174 x96925
Dr. Darrel Ernser,janna.rogahn@yahoo.com,(375) 744-2440
Alex Johnston,margy.orn@yahoo.com,523.767.6057
Emerson Kertzmann V,kaitlin.heller@hotmail.com,(339) 442-0811 x70984
Wava Kuhic,lottie.farrell@yahoo.com,530.812.3310 x357
Wayne Rowe,blanch.upton@hotmail.com,1-692-971-1531 x10340
Jacques Klocko,jewel.will@hotmail.com,1-126-225-4678
Dionne Torphy DVM,wei.dickens@gmail.com,367.541.7976 x80932
Fabian Funk DDS,florencio.stoltenberg@gmail.com,723-167-3372 x54204
Murray Satterfield,rosaura.stanton@gmail.com,424-831-0066 x5589
William Senger I,keneth.osinski@gmail.com,788-097-0799 x9950
Micha Ritchie,kirby.mosciski@gmail.com,362.457.8351
Lamar Maggio,eilene.okeefe@hotmail.com,627.812.4521 x311
Mckinley Konopelski DDS,johnathan.crooks@gmail.com,604.212.6697 x8025
Dr. Paul Marquardt,patrina.olson@yahoo.com,1-005-919-3825 x68683
Sanjuanita Grimes,luella.wolff@yahoo.com,607.119.7513
Miss Ella Abbott,markus.corkery@hotmail.com,675.578.2030 x65840
Mr. Carmine Jenkins,rubie.herman@yahoo.com,393.802.2003
Ms. Randy Spinka,neil.lemke@yahoo.com,1-804-156-4396 x18881
Elly Jacobs III,cornell.hane@gmail.com,(537) 352-8007
Andre Schmeler,velda.harvey@hotmail.com,858.311.2115 x267
Bernardo Goyette DVM,margarito.hills@hotmail.com,1-824-470-9684 x90486
Stuart Kub,bryan.vonrueden@yahoo.com,275.842.5961 x1031
Samuel Krajcik,dewitt.spencer@hotmail.com,(478) 545-7168 x8058
Cordell Labadie IV,grisel.dooley@hotmail.com,853.340.6408 x60886
Alejandrina Aufderhar III,dede.kozey@gmail.com,258-153-4934 x269
Dr. Jordan Dietrich,tonja.zboncak@gmail.com,290-139-8884 x7131
Ms. Tom Keebler,erlinda.walter@yahoo.com,(679) 892-5972
Leonel Balistreri,deshawn.becker@yahoo.com,1-373-264-5327 x55816
Tameka Rau,micah.wiegand@gmail.com,465.314.2253 x626
Rosalba Dibbert,albertha.goldner@yahoo.com,1-879-287-1671
Johnson Langworth,jamison.schumm@hotmail.com,1-397-425-6998
Lulu Tromp,julia.halvorson@hotmail.com,362-055-5043
Zack Halvorson,neal.blick@gmail.com,892.511.4293 x314
Ms. Blake Crona,aletha.vandervort@yahoo.com,(345) 263-1442
Claudine Rowe MD,connie.kreiger@hotmail.com,1-677-951-2616
Mari Klein PhD,analisa.beer@hotmail.com,633.443.3756
Miss Fred Kuhic,maria.treutel@hotmail.com,725.475.0231
Armanda Graham,halina.breitenberg@hotmail.com,493.647.5684 x836
Jacob Runolfsson DDS,treena.schinner@yahoo.com,951.716.1480 x3027
Elidia Green,vernita.collins@hotmail.com,1-553-944-8528 x1821
Mr. Lawanda Aufderhar,lemuel.friesen@yahoo.com,165.191.2773 x25022
Mee Little,jacquline.sporer@gmail.com,866.846.7573
Omer Donnelly,danette.runolfsson@gmail.com,837-986-0104 x63837
Magali Stamm,jospeh.littel@hotmail.com,(042) 095-1519
Ashanti Doyle,yong.green@hotmail.com,(050) 342-9889
Alton Wilkinson,carmina.lowe@yahoo.com,1-445-277-8016 x6397
Ruthe Walsh,misty.marks@yahoo.com,1-107-998-5680
Pennie Harber Jr.,anderson.dicki@yahoo.com,1-131-373-6419
Jami Senger,karena.murray@gmail.com,(835) 616-5951
Arielle Doyle,devin.stoltenberg@hotmail.com,(823) 970-3701 x42841
Rolf Jast,diego.lang@hotmail.com,450-599-1036
Luciano Rau,jon.hand@yahoo.com,673.212.4730 x145
Brant Ferry II,lowell.weimann@hotmail.com,(685) 706-1474 x21106
Jody Rohan,malia.bogisich@yahoo.com,(144) 619-6009 x9791
Ollie Cummerata,mandi.bradtke@hotmail.com,427.962.4158
Brandie Boyle,numbers.tillman@yahoo.com,(759) 922-1827 x24804
Mr. Mariah Gleason,kermit.pacocha@yahoo.com,402-271-4191 x3557
Sherise Leuschke,mathew.schoen@hotmail.com,(533) 459-2168 x04137
Alfred Deckow II,tyler.osinski@hotmail.com,930-865-0269
Miss Andrew Parisian,rolanda.hessel@gmail.com,1-113-053-8281
Refugia Koepp,odell.hilll@yahoo.com,(683) 106-7911 x711
Dong Hilll,dorian.marks@gmail.com,1-549-735-5317 x819
Renata Adams,brice.huel@yahoo.com,(843) 253-8863
Skye Jacobi,lonny.kris@yahoo.com,573-916-0632 x38289
Rosendo Nienow,penni.blick@hotmail.com,(187) 716-1601 x97510
Ms. Hilton Hickle,daron.douglas@hotmail.com,(748) 759-1034
Romeo Kuvalis,ronnie.pacocha@yahoo.com,125.931.6182
Miss Alejandro Barton,ellan.ohara@yahoo.com,340-453-2702 x2611
Mrs. Eugenio Willms,valeri.schaden@yahoo.com,673.099.5583
Miss Kathleen Goodwin,connie.batz@hotmail.com,1-274-659-8038 x2470
Dr. Timothy Kiehn,zetta.reichert@hotmail.com,1-078-185-5757
Chang Crooks,mechelle.wisoky@hotmail.com,359-241-0182
Miriam Schuster,yvone.rowe@hotmail.com,262.630.1979 x9512
Bronwyn Schowalter I,gwyneth.durgan@gmail.com,1-741-391-4412
Eugenia Kirlin,kirby.heathcote@gmail.com,158.290.4330 x53724
Allan Lemke,casandra.botsford@yahoo.com,185-214-5589 x245
Dominic White,alma.blanda@yahoo.com,964.220.0901 x5674
Elton Bergstrom I,bryon.larkin@gmail.com,450-719-0243 x2229
Merlin Bernier,ashlyn.tromp@hotmail.com,1-535-109-0086 x69099
Michal Hegmann II,wm.boehm@hotmail.com,(656) 234-2361
Ellena Jacobson PhD,glennie.welch@gmail.com,763.792.6058 x2949
Thanh Kuhn,kimiko.conn@gmail.com,275.271.8286 x20592
Mrs. Kris Hills,cristal.fritsch@hotmail.com,1-994-317-6191 x11965
Christine Nikolaus,chi.bailey@gmail.com,584.249.8346
Demarcus Dach,tommy.hayes@yahoo.com,(609) 135-1024 x36418
Ashley McCullough,joseph.halvorson@yahoo.com,1-785-693-1495
Josef Rice,quiana.beer@gmail.com,(457) 947-3476 x969
Nevada Reynolds DDS,broderick.reynolds@yahoo.com,1-766-698-3578 x955
Jerrell Koepp,alfred.davis@yahoo.com,194-705-3424 x72505
Louis Kautzer,barry.bartell@hotmail.com,035.691.4953 x004
Rea Bauch,everette.labadie@yahoo.com,030-262-9337 x42265
Camila Bechtelar III,calvin.thompson@hotmail.com,335.035.1148 x98430
Emilio Tremblay,delicia.thompson@gmail.com,(225) 597-2737 x9720
Ms. Loraine Gerlach,renita.koss@hotmail.com,1-502-575-7699 x874
Neville Daniel,efren.cartwright@yahoo.com,903-220-8708 x1323
Eldridge Nader,bud.ritchie@gmail.com,976.175.0505 x29741
Mr. Tod McCullough,luis.prohaska@yahoo.com,(344) 908-0220
Bradford Klein,frances.hoppe@gmail.com,465-546-0811
Mr. Clyde Mohr,eddy.crona@hotmail.com,866.963.5014
Mr. Tanisha Funk,august.robel@hotmail.com,055.890.2882
Marquita Rohan,marquita.greenfelder@gmail.com,700.604.2934 x68531
Jeremy Upton,sung.lesch@gmail.com,198.956.7213 x86090
Migdalia Kautzer IV,jimmy.huels@hotmail.com,209-421-8992
Bee Sporer,malcom.durgan@yahoo.com,443.557.2013 x2263
Bob Satterfield,eusebia.cummerata@gmail.com,133.007.1727
Allan Upton,ezra.daugherty@hotmail.com,736.716.7343
Candi Kirlin,charise.jaskolski@yahoo.com,1-314-697-0855
Mrs. Lashay Smitham,jeff.moore@gmail.com,(626) 144-1003
Shella Fritsch,lilian.moore@hotmail.com,1-509-786-6333 x6118
Miss Homer Kessler,prince.windler@yahoo.com,(688) 877-3403
Federico Hartmann,kendall.johnson@gmail.com,1-406-892-8212
Evelyne Hoppe,sigrid.windler@hotmail.com,280-289-8373 x013
Ms. Lahoma Will,tiesha.rowe@gmail.com,545.921.9504 x04747
Angela Willms,kimberli.smitham@gmail.com,1-796-659-3740 x3115
Merrill Beahan III,candyce.konopelski@yahoo.com,(084) 350-1640 x1313
Doretta Rempel,jae.corkery@yahoo.com,(635) 113-4488
Kendrick Steuber,miranda.watsica@yahoo.com,867.497.4602 x7828
Bradly Smitham,dennis.feil@yahoo.com,745.410.6367 x8866
Marisha Cassin,stephine.ward@hotmail.com,256-437-5377 x118
Adelaide Breitenberg,rene.ohara@gmail.com,1-586-103-8294
Ivey Von,theodore.fisher@hotmail.com,145-083-2299 x27934
Milan Bogisich MD,usha.altenwerth@gmail.com,813-569-6213 x787
Ms. Lyndon Kovacek,florencia.schumm@hotmail.com,1-337-452-2425 x49603
Brad Schmitt,nohemi.schinner@yahoo.com,830-875-5825
Mrs. Kam O'Conner,kristal.harber@hotmail.com,1-297-459-5530 x9058
Wilfredo Gerhold,stepanie.corwin@hotmail.com,127-188-6990 x0152
Katelynn Schmeler,kory.hermiston@hotmail.com,(921) 065-7735 x9953
Florene Kohler,lesley.rippin@gmail.com,914.186.5567 x337
Ben Hickle,trevor.lind@yahoo.com,627.411.0224 x382
Miss Jefferson Pouros,monique.reinger@yahoo.com,272-852-4145
Miss Nichole Rolfson,walter.monahan@yahoo.com,1-780-743-2891 x9453
Warren Rowe,salome.lang@hotmail.com,(415) 927-0280 x66693
Eusebio Kemmer,armand.champlin@gmail.com,484-278-8114 x844
Dr. Jessie Hilll,dessie.mills@yahoo.com,107.681.7424 x5993
Darci Bartoletti,carrol.feest@yahoo.com,526-845-2851
Ms. Blondell Lebsack,penny.langosh@hotmail.com,1-788-455-4313
Boris Gleichner,noe.leffler@gmail.com,273.365.2689 x971
Carl D'Amore,roxana.harris@yahoo.com,1-722-269-3546 x85168
Miss Elane Swift,chi.aufderhar@hotmail.com,(892) 703-2303
Lonny Von,murray.hudson@yahoo.com,619.283.3044 x14108
Octavia Hane,daryl.braun@gmail.com,045.586.5321 x906
Ms. Xuan Braun,stephania.stroman@yahoo.com,1-080-169-3861
Rodrick Nader PhD,rico.hansen@yahoo.com,834.086.7058
Carey West,brenton.price@hotmail.com,587.916.3087 x78842
Andreas Hodkiewicz,buddy.schowalter@yahoo.com,1-904-455-4704
Mr. Federico Blick,danae.hilll@hotmail.com,(730) 829-5232
Jason Rice MD,korey.rohan@yahoo.com,1-403-047-4980 x90767
Jessenia Leuschke II,wilton.volkman@hotmail.com,321.413.5356
Clement Renner DVM,lizzette.anderson@yahoo.com,(041) 674-1459 x6701
Isidra Purdy,troy.mccullough@gmail.com,(802) 242-6029 x5671
Miss Manuel Lang,jayson.roberts@gmail.com,1-567-956-5784 x9226
Dr. Dana Kreiger,cherri.torp@yahoo.com,(460) 074-0125
Ms. Korey Daugherty,dionne.fisher@hotmail.com,417-743-7858
Latosha Oberbrunner,leif.dietrich@yahoo.com,(818) 685-8389
Brady Bruen,shad.boehm@hotmail.com,830.120.4428
Dr. Alden Goodwin,tonette.hegmann@yahoo.com,025-637-9042
Rachal Smitham,genia.gaylord@hotmail.com,841-101-2191 x874
Terrilyn Ortiz,valentine.moore@yahoo.com,1-021-693-0827
Dr. America Ullrich,davis.heidenreich@yahoo.com,970-786-7964
Jenise Kris I,valrie.kuhn@hotmail.com,1-598-806-3097 x05510
Esteban Torp DDS,rocco.jacobi@gmail.com,(461) 779-9702 x412
Jordan McCullough,lady.ferry@gmail.com,620-555-2013
Dr. Wally Bashirian,royal.morissette@hotmail.com,388.735.1167
Mr. Lorriane Stoltenberg,barry.rice@gmail.com,532-645-3503 x345
Kia Emmerich,don.rath@gmail.com,361-828-2203
Quyen Graham V,denny.wyman@hotmail.com,(880) 025-7642 x10238
Voncile Wintheiser Sr.,devon.windler@yahoo.com,(129) 709-3695
Monroe Cole DDS,eli.johnston@yahoo.com,456-286-8202 x257
Dr. Dede Block,tom.ohara@hotmail.com,1-478-540-8910 x552
Ms. Lane Daniel,shanta.pagac@hotmail.com,1-382-992-3689
Dr. Mei Zboncak,rob.johnson@yahoo.com,840-653-8587 x28924
Roderick Baumbach,aurelio.sawayn@hotmail.com,659.381.3880 x0070
Morgan Lesch V,india.labadie@gmail.com,(678) 172-9694 x258
Tatum Wiza,raguel.dickinson@yahoo.com,1-132-004-7719 x99590
Cletus Denesik,nerissa.schneider@gmail.com,048-030-0925 x0505
Izola Johnson II,dylan.cruickshank@yahoo.com,932.217.8762
Jermaine Auer MD,wilhemina.mayer@gmail.com,137.558.0927
Eddie Thompson,treena.quitzon@gmail.com,1-312-877-9979
Diane Trantow,val.wilkinson@yahoo.com,174.531.1303
Jesse Bashirian,talia.gibson@yahoo.com,1-009-201-8557 x308
Ms. Wes Stehr,easter.johnston@hotmail.com,660.415.7080 x890
Marcia Hudson,bryon.kozey@yahoo.com,(704) 835-7599 x037
Miss Leigh Emard,merrill.weimann@hotmail.com,232.457.5017 x8551
Dr. Joseph Lakin,bret.hudson@gmail.com,(745) 221-5472 x601
Teodoro Emmerich,darnell.jerde@yahoo.com,733-684-2054
Alfreda Gleichner,amelia.pollich@yahoo.com,626-258-3261 x58588
Despina Simonis,margery.altenwerth@yahoo.com,(818) 306-1402
Mel Kovacek Sr.,carma.morar@hotmail.com,622-646-9015
Nona Tromp,celeste.upton@hotmail.com,(140) 215-7981 x1154
Arthur Jerde,josue.nader@hotmail.com,1-309-900-9589
Ariel Gerlach,katie.moore@hotmail.com,571-016-7603
Lauren Waters,raphael.cremin@gmail.com,1-367-839-6195 x9687
Elden Durgan,krista.hartmann@gmail.com,396.519.7041 x47767
Miss Toya Johnston,daisey.waters@gmail.com,037-565-2467
Jennine Hegmann,suzie.kuvalis@hotmail.com,348-464-9135 x730
Mrs. Hank Sauer,inga.farrell@yahoo.com,(236) 654-8459 x9576
Patrick Medhurst,madelyn.runolfsdottir@yahoo.com,342-435-5560
Miss Danyell Rodriguez,russel.runolfsdottir@gmail.com,795.777.8219 x831
Noelle Corwin II,olevia.lehner@gmail.com,797-785-9200 x61388
Ardith Thompson MD,elvis.beier@hotmail.com,1-572-520-1098
Arden Heller,stephany.schowalter@gmail.com,166.368.1685 x824
Aiko Lind,harry.hirthe@hotmail.com,473-926-1520 x832
Shantell Kerluke,marianna.schimmel@gmail.com,(681) 246-2242
Miss Nicolle Prosacco,deshawn.lemke@gmail.com,1-014-510-4880 x0287
Ms. Bob Schaefer,lanny.bartell@yahoo.com,564.207.2007
Dannielle Friesen II,hilton.quigley@yahoo.com,(655) 754-0311 x519
Dr. Dorine Fisher,joseph.adams@yahoo.com,335.669.7779 x48021
Deon Terry,shawnna.altenwerth@yahoo.com,384.168.4496
Levi Skiles,debra.dubuque@gmail.com,887.996.3291 x003
Robbin Johnston MD,kenisha.stehr@yahoo.com,(196) 994-5580 x334
Cameron Mayert,jeremiah.mcdermott@yahoo.com,513.549.2090 x039
Kareen Hirthe,isreal.bernhard@yahoo.com,(047) 546-0163 x3874
Darius Pacocha,dagny.rau@gmail.com,577-701-2070 x29268
Romeo Strosin,lashawnda.strosin@yahoo.com,(779) 403-8031
Alycia Runte PhD,micki.lesch@yahoo.com,706.346.4342
Felipa Swift IV,kayla.ernser@hotmail.com,110.912.4427
Linda Gutmann,britteny.ferry@yahoo.com,630-089-6306
Seymour Nikolaus,jared.runte@gmail.com,876.326.7395 x65660
Chanda Rowe II,elvis.fritsch@gmail.com,736-574-0343 x99968
Anika Kovacek,tyrone.prosacco@yahoo.com,707.001.8809 x2812
Ms. Marge Hills,mindy.collins@hotmail.com,1-656-306-9052
Todd Blick PhD,perry.treutel@gmail.com,714-172-2356 x4519
Mr. Efren Miller,renato.wisoky@yahoo.com,1-796-066-7197
Mike Bernier,simona.schmitt@yahoo.com,(123) 736-8276 x09332
Jeanene Sporer,eric.walsh@yahoo.com,(190) 321-3019 x062
Dr. Thanh Klein,zella.flatley@gmail.com,1-236-536-8176 x6199
Ramiro McGlynn,chery.adams@hotmail.com,(119) 329-6982
Demetrius Hintz,patrica.harvey@hotmail.com,(714) 589-1593 x45048
Antionette Swift,reinaldo.friesen@hotmail.com,1-117-126-3522
Yong Goyette,nicolette.schuppe@hotmail.com,759.946.2463 x70170
Destiny Russel,tracey.bins@gmail.com,620.631.2612
Ms. Gregory Bosco,shawn.moen@hotmail.com,(554) 650-8730
Ms. Deon Kunze,bret.daugherty@gmail.com,1-856-503-4938 x0782
Dominick Crona,nena.reynolds@gmail.com,1-740-305-9310
Kelli Beier,mona.hessel@yahoo.com,494.765.8834 x257
Gino Fahey,ruthanne.pagac@gmail.com,(748) 166-4290
Otis Klein Jr.,clara.wehner@yahoo.com,360-613-6470 x72916
Nathan Flatley V,milan.purdy@hotmail.com,206-429-1782
Amos Stiedemann,russel.leannon@gmail.com,981-066-4174 x85934
Debby O'Connell,carmelo.purdy@yahoo.com,967-012-4909 x0510
Edgardo Mills,heath.koch@yahoo.com,1-752-112-2583 x393
Logan Fisher,marilou.hahn@hotmail.com,1-311-797-3125 x89266
Suzan Conn,royce.blanda@gmail.com,1-569-649-6229 x43112
Hector Jast,verdell.mclaughlin@hotmail.com,389-008-7015
Dr. Dana Olson,chance.schinner@hotmail.com,929.806.4588
Richie Prohaska,mohammed.schinner@yahoo.com,029-161-6276
Louisa Reynolds,jann.oconnell@yahoo.com,646-958-0794 x1292
Starr Stehr,armand.wiza@yahoo.com,022-302-1244
Johnnie Dooley,leslie.koelpin@yahoo.com,376.523.8988 x3162
Cristopher Beer Jr.,vonda.flatley@hotmail.com,652.502.5185
Ms. Stefan Turcotte,garfield.kessler@gmail.com,1-712-447-6023
Iesha Lueilwitz II,keshia.hamill@hotmail.com,1-736-961-7311
Kari Fay,loree.weber@gmail.com,(829) 132-2717 x090
Mathilde Koepp,ivana.ryan@gmail.com,(312) 845-1919 x44476
Classie Dickinson Sr.,brett.bashirian@gmail.com,1-603-384-4978 x00850
Eliseo Kuvalis,zula.lemke@gmail.com,1-468-125-0111 x420
Ja Streich,tashia.christiansen@hotmail.com,(293) 442-4246 x320
Coy McKenzie,jere.farrell@yahoo.com,(229) 634-9629
Dodie Parisian,mathew.oconnell@hotmail.com,(368) 255-4377
Ms. Hubert Wolff,jeana.hessel@yahoo.com,1-435-618-8602
Miquel Bechtelar,scot.hahn@gmail.com,864-135-2138 x9739
Mrs. Beau Feil,andrew.senger@yahoo.com,186-727-1371
Jarred Lesch I,jess.huels@gmail.com,(042) 761-1770 x749
Leigha Champlin Jr.,fae.batz@gmail.com,724.192.0616
Earl Gibson,maragret.shields@gmail.com,1-282-472-0764
Allena Russel,kenton.hermiston@gmail.com,(004) 755-5232
Mr. Angie Feil,dominic.bayer@gmail.com,1-734-803-1128
Allene Klocko,marquis.bogisich@hotmail.com,225.737.0682 x0335
Nick Moen,susana.parker@hotmail.com,1-318-088-3674
Monique Gusikowski III,lucretia.walter@gmail.com,(250) 028-3707 x9536
Ethan Stehr,cruz.steuber@gmail.com,1-739-048-2314
Keesha Dietrich,rosemary.abbott@yahoo.com,(031) 041-5382 x97635
Bud Ebert II,emmanuel.stanton@gmail.com,(188) 348-2845
Dr. Seth Wyman,elliott.rath@hotmail.com,1-303-920-9650 x3185
Karmen Schuppe,kerstin.thompson@hotmail.com,203.466.8702 x506
Mr. Elma Konopelski,kristine.bednar@yahoo.com,101-937-0688 x8382
Morgan Schaden,troy.hilpert@gmail.com,1-001-130-4802
Sterling Jakubowski,aron.walsh@hotmail.com,223.862.2744 x598
Apryl Crist,freddy.connelly@hotmail.com,134.878.3223
Dino Ullrich DDS,ruben.breitenberg@hotmail.com,(674) 827-9568
Harris Hermiston,wyatt.leannon@hotmail.com,1-265-005-6711 x4148
Lorena McLaughlin,marielle.schultz@hotmail.com,1-317-105-8123 x226
Herb Stokes II,mayola.mcglynn@yahoo.com,1-635-186-8932
Marylynn Johnston,waylon.ernser@gmail.com,(942) 471-6681 x391
Alonzo Barrows,curt.schoen@hotmail.com,848.082.3431
Margarito Wunsch,norman.halvorson@yahoo.com,697.900.1101 x070
Sydney Willms,eliana.mcclure@hotmail.com,139-905-5651 x4127
Giuseppina Leffler Jr.,margo.cummerata@gmail.com,1-891-821-4671
Del Champlin DDS,valentina.kertzmann@gmail.com,1-892-445-4377 x1511
Mr. Keneth Collins,cruz.ruecker@yahoo.com,1-848-640-7752
Pat Conroy,lonny.oconnell@gmail.com,(299) 597-5721 x8247
Maude Kertzmann,reyes.goodwin@gmail.com,(480) 941-8786 x466
Zenaida Balistreri,maxwell.torp@yahoo.com,1-732-635-2744 x716
Miss Ronny Wisoky,glynda.huel@gmail.com,1-241-941-7996
Ciera Koepp,sanford.schaefer@yahoo.com,(464) 061-0758 x29528
Antonia Windler IV,allen.gaylord@hotmail.com,(382) 684-0709
Isa Cole,lindsay.ryan@yahoo.com,(174) 817-8386 x886
Clemencia Runolfsdottir,noel.baumbach@yahoo.com,(045) 507-5878
Wanda Schumm,desmond.rutherford@hotmail.com,(660) 086-6331
Genie Orn,darcey.gottlieb@gmail.com,232.159.8916 x958
Leroy Keeling,roxann.bauch@hotmail.com,1-457-425-9761 x04974
Mr. Crissy Kuphal,leigh.wyman@yahoo.com,970-547-7525 x20155
Wilford Cremin,nanci.glover@yahoo.com,639.267.5962 x884
Mrs. Carmelia Rohan,kirsten.grady@yahoo.com,952-574-4924
Tanner Keeling II,anna.schiller@hotmail.com,323.986.3444 x8434
Rufus Hackett,princess.barrows@yahoo.com,(559) 955-3228 x42003
Mr. Roosevelt D'Amore,chassidy.bernhard@hotmail.com,1-332-751-6115
Ms. Katharyn Grady,alphonse.hermann@gmail.com,1-821-662-2379
Oretha Howell,lanora.gleichner@gmail.com,102.366.5147 x12911
Wilmer Spinka,emilio.ziemann@gmail.com,(659) 850-0582 x761
Louanne Kohler DDS,gail.leannon@hotmail.com,360-532-7370
Ms. Lacresha Grady,ok.waters@hotmail.com,274-797-1943 x7702
Gerry Schaefer,shon.murazik@gmail.com,226-179-8497
Merrilee Ratke DDS,jeremiah.osinski@gmail.com,971-644-0254 x0113
Theo Von,elisha.beier@gmail.com,579-685-5262 x3311
Lincoln Lockman I,agnus.armstrong@hotmail.com,(917) 536-9909
Miss Amalia Krajcik,agustin.breitenberg@gmail.com,123-480-7667
Armando Hane MD,shaquana.schuster@yahoo.com,542-180-9486 x861
Robbie Wunsch Jr.,alva.lynch@gmail.com,(213) 035-3801 x47610
Rufus Maggio,peter.volkman@gmail.com,624-035-3077 x5158
Freeman Vandervort,selma.boyle@gmail.com,764-642-1890
Jude Klocko,arlena.franecki@gmail.com,(905) 440-0111 x840
Preston Von,marjorie.rice@hotmail.com,906-024-0862
Dr. Seymour Luettgen,kristopher.littel@hotmail.com,444-092-1364
Asa Boyle,francesco.grady@hotmail.com,863-221-1387
Mrs. Viva Morissette,alejandrina.wisozk@hotmail.com,662.492.5516 x98115
Robert Lowe,lavern.conn@hotmail.com,944.135.8798 x97074
Edwin Turner IV,lael.littel@gmail.com,162-954-2769
Sabrina Blick Jr.,renetta.brakus@hotmail.com,288.907.2814 x498
Dr. Jamie Bahringer,florentina.okeefe@yahoo.com,1-657-585-6664 x34898
Mose Kertzmann,kenyatta.sauer@hotmail.com,(224) 667-6997 x1799
Eugene Wilderman,harris.armstrong@gmail.com,377-182-9469 x6863
Isaiah Roberts Sr.,annett.orn@hotmail.com,1-975-656-5131
Mose Harvey,khalilah.dach@gmail.com,640-933-2446
Sal Herman,damion.macejkovic@yahoo.com,752.654.4118 x002
Sheree Krajcik,sue.bergstrom@gmail.com,1-280-755-0397
Kirby Turner,stan.lowe@hotmail.com,047.865.0984 x11183
Miss Will Rath,dorcas.jaskolski@gmail.com,450-305-5887 x20905
Mrs. Haywood Boyer,rhona.crona@hotmail.com,1-143-025-3072 x322
Edmond Wilkinson,karla.crooks@yahoo.com,126.528.2306 x8423
Angelique Zieme Sr.,leslie.schulist@yahoo.com,(856) 532-4134
Marlyn Walter,brenton.rolfson@yahoo.com,339.233.7964 x9383
Deetta Ward,shantay.hermann@yahoo.com,1-262-203-5318 x0979
Dr. Sonya Rath,sebastian.wiegand@gmail.com,(107) 324-7820 x7851
Ms. Phillip Berge,franklin.dicki@yahoo.com,1-673-077-3417
Miss Clemencia Stehr,delmer.ferry@yahoo.com,569.233.5511
Valentine Hodkiewicz,oren.prosacco@hotmail.com,1-741-950-5503 x754
Riley Skiles Jr.,kerry.kris@hotmail.com,938.089.6861
Marketta Ullrich,zackary.shields@yahoo.com,(316) 998-4360
Dr. Nubia Corwin,alfonzo.thompson@gmail.com,1-010-614-4433 x53595
Demarcus O'Kon,theo.bauch@yahoo.com,1-462-882-6917 x6055
Keshia Runte,lesley.fisher@gmail.com,435-240-7135 x007
Delfina Schneider,ellis.graham@yahoo.com,258.354.3154 x294
Ali Aufderhar,julian.harvey@hotmail.com,797.997.7290 x08205
Yolando Crist DDS,hazel.hayes@gmail.com,(366) 780-2976 x434
Mitsuko Bernhard,glen.crooks@hotmail.com,1-712-209-4554 x4077
Cletus Purdy,vernon.prosacco@yahoo.com,215-679-5517 x94004
Ryan Greenfelder III,arnulfo.nitzsche@hotmail.com,(796) 335-8555
Amy Reilly,lionel.simonis@hotmail.com,1-824-410-1654 x53162
Dr. Hosea Dickinson,rubin.dach@yahoo.com,512-981-6936
Dannie Pacocha,tod.lockman@hotmail.com,1-709-410-8132 x52265
Nydia Schamberger,loren.balistreri@gmail.com,276.760.2358 x471
Joseph Walsh I,ewa.bauch@hotmail.com,963-556-4253
Ms. Elden Mann,shon.graham@gmail.com,080-443-6984
Kemberly Mayer,lionel.littel@gmail.com,487.132.7425 x4801
Mario Smith DDS,gonzalo.sawayn@yahoo.com,097-067-9561
Kay Maggio,august.reynolds@gmail.com,(629) 493-4557 x040
Donnetta Wisozk,yajaira.franecki@gmail.com,020-269-3680
Laurie Armstrong,loree.lockman@hotmail.com,(877) 609-2487 x71790
Michel Schuppe,roy.howe@hotmail.com,(385) 264-2408
Russel Blanda,marquitta.hermiston@hotmail.com,(838) 364-2877 x2448
Len Mosciski,ron.mcglynn@gmail.com,1-828-047-1483 x9755
Denna Greenholt,manuela.walter@hotmail.com,(952) 140-6872
Asa Nolan,shayna.sipes@yahoo.com,1-139-455-6976 x206
Curtis Batz,majorie.douglas@gmail.com,870-648-0900
Jonah Osinski,mandie.murphy@hotmail.com,285-289-7495 x3149
Thu Heidenreich DVM,natashia.hegmann@hotmail.com,803-171-8026
Jimmy Kuhic,gerard.goodwin@yahoo.com,570-706-6339
Cyrus Wilderman,jack.feest@yahoo.com,1-444-907-6387 x05042
Kathlyn Senger,carrol.swift@gmail.com,1-547-007-8335
Barton Rempel,nita.mcclure@gmail.com,(254) 825-5358
Mrs. Lionel Braun,jeffery.gislason@gmail.com,(516) 919-8930
Shayla West Sr.,donnette.heidenreich@hotmail.com,947-095-0636 x66858
Dexter Leannon Sr.,amelia.runolfsson@gmail.com,573.657.1031 x7012
Mr. Ginger O'Connell,elsie.gaylord@yahoo.com,584.474.4769
Mr. Hayley Boyle,amos.emard@yahoo.com,(322) 550-2381 x0783
Evangeline Romaguera,perla.grady@hotmail.com,192-408-8542
Nicol Torp III,madeline.deckow@yahoo.com,907.382.0471 x7762
Miss Fredricka Predovic,hipolito.herman@hotmail.com,(727) 251-6655
Herbert Gulgowski,claudette.goodwin@gmail.com,293.328.5480
Verena Cartwright,vaughn.price@gmail.com,(279) 722-9141 x91280
Kerrie Wolf II,kasey.reichert@hotmail.com,510.777.3962
Maxie Watsica,manual.kiehn@hotmail.com,864-315-4157
Randolph Gerhold,brain.jacobs@hotmail.com,679-398-8548
Daphne Schmeler,arron.boyer@gmail.com,(232) 903-7870
Carroll Mueller,lorie.schulist@yahoo.com,767.984.0050 x74797
Forrest Cummerata,al.wiza@gmail.com,206-527-4899 x56144
Fay Wyman,scot.erdman@hotmail.com,892-825-5474 x9632
Arron Gusikowski,elroy.ondricka@hotmail.com,1-327-507-0717 x249
Windy Hintz,leanne.langosh@gmail.com,(037) 352-6304 x83358
Donny Bechtelar,deloris.lemke@yahoo.com,156-791-4021 x1270
Quinn Frami PhD,jules.macgyver@hotmail.com,743.277.7258 x743
Landon White,shenna.grady@gmail.com,210.406.4903
Roy Rowe,rey.ledner@hotmail.com,755-026-8279 x8329
Carli Lubowitz,marylin.ernser@hotmail.com,(719) 088-9712
Miss Georgia Nader,bruna.bergstrom@hotmail.com,1-075-505-6165 x3010
Lina Adams,isabell.waters@hotmail.com,1-689-205-0754 x8065
Odilia Romaguera,naoma.swift@gmail.com,(741) 455-1213 x3276
Elwood Deckow,man.franecki@gmail.com,(248) 301-1240 x4323
Walter Simonis Jr.,mervin.heller@hotmail.com,694.794.7277 x02032
Alfredo Boyer,elvin.tromp@gmail.com,1-669-192-0138 x623
Dr. Celestine Murray,pura.windler@hotmail.com,(933) 434-4560
Alexandria Koelpin,dena.fisher@gmail.com,962-131-1737 x156
Savannah Langosh,devora.halvorson@yahoo.com,070-309-9493 x44091
Giovanna Windler,gilbert.will@yahoo.com,515-418-1637
Dr. Nereida Auer,melita.dicki@yahoo.com,(850) 441-4353
Ms. Curtis Schumm,luigi.larson@hotmail.com,(302) 914-4241 x905
Kristofer Deckow Jr.,vinnie.koelpin@gmail.com,(116) 114-9367
Julius McClure,lien.bartoletti@yahoo.com,(319) 330-4684
Gabriella Cassin,carma.johns@gmail.com,229.786.2126 x5406
Jared Okuneva,kenyatta.yundt@hotmail.com,157.805.1699
Justin Turner,shamika.nicolas@yahoo.com,080.368.5120 x644
Malinda Cummerata,wilhelmina.stoltenberg@yahoo.com,1-938-335-7940
Patricia Predovic,roxy.flatley@hotmail.com,383-690-5774
Merrill Kilback DDS,shaun.weimann@gmail.com,401-125-0260
Miss Eugene Kassulke,paul.keebler@yahoo.com,1-217-426-0967 x13774
Palmer Abernathy,aurea.kling@hotmail.com,402-805-0953 x8948
Veta Vandervort II,sanda.runolfsdottir@gmail.com,303-100-9670
Gregorio Braun,buddy.miller@yahoo.com,208-726-1004
Malka Stroman,alonzo.treutel@yahoo.com,1-318-981-9082 x081
Kenton Marvin,len.hermiston@gmail.com,1-866-051-1720 x739
Wallace Hermiston,laquanda.schmidt@yahoo.com,187.797.4720 x9307
Mr. Alica Ferry,taunya.gleichner@yahoo.com,461-086-7166
Son McCullough,foster.gaylord@yahoo.com,1-153-625-7739
Mayme Wunsch V,norberto.funk@gmail.com,411.875.3997
Beatrice Windler,lily.thiel@hotmail.com,067.683.5724 x49568
Paige Abbott,trent.thompson@yahoo.com,485-172-9126 x97199
Molly Davis,janita.bayer@hotmail.com,828-493-9306 x576
Jerrell Turner,marvin.hammes@hotmail.com,295.858.9060 x2700
Ngoc Jakubowski,lawanna.wilderman@yahoo.com,1-705-556-1588
Mrs. Shad Ferry,jillian.gulgowski@hotmail.com,594.739.8769
Josh Davis,freddie.kuphal@gmail.com,240-599-5933 x27459
Mrs. Tran Reynolds,stefania.dibbert@hotmail.com,(712) 161-6020 x0631
Kaila Bergstrom,lai.hammes@yahoo.com,401.195.0252 x057
Roselia Reinger,katharyn.roob@gmail.com,442-792-3241 x859
Virgil Frami,nicolasa.tillman@gmail.com,1-739-599-1116
Dwayne Ritchie,craig.boyle@yahoo.com,1-398-806-9356 x834
Eddy Feil,ava.fahey@hotmail.com,088.515.2028 x3403
Dr. Julius Heidenreich,jennifer.rosenbaum@yahoo.com,1-016-311-0601 x960
Eliseo Okuneva,loyce.murphy@yahoo.com,354.698.2205 x820
Mrs. Earle Corwin,chau.stamm@gmail.com,(616) 348-4891
Monroe Lang,abbey.crist@hotmail.com,(791) 918-9312 x0798
Pat Wiegand,seth.kris@yahoo.com,134.276.9440 x67339
Marshall Douglas,delora.schuppe@gmail.com,(427) 897-0676
Yelena Mante,robbie.mccullough@hotmail.com,589-949-0555 x5498
Robbie Streich,celina.schuster@gmail.com,1-872-016-2194 x7932
Jenniffer Cummings,lloyd.ankunding@gmail.com,1-983-761-9729 x4056
Chieko Durgan,katie.runolfsdottir@yahoo.com,548-209-7168
Kemberly MacGyver,lilia.feil@yahoo.com,063-532-5613
Daren Auer,erlene.kulas@yahoo.com,1-747-014-5726 x30416
Markus VonRueden,hobert.okuneva@gmail.com,(252) 000-3530 x14564
Karmen Brekke DVM,stanton.halvorson@gmail.com,526-871-3260
Dr. Rueben Kilback,pearle.mante@hotmail.com,129.148.3706
Waylon Denesik,ella.simonis@yahoo.com,(976) 029-1496 x9575
Scot Leannon Jr.,marchelle.okon@hotmail.com,1-644-784-5115 x1560
Mr. Grace Metz,jerry.haley@gmail.com,1-474-549-2475 x222
Nicholas Altenwerth,arden.hermiston@hotmail.com,272.357.2936 x275
Maximo Jenkins,william.price@hotmail.com,1-089-068-5493 x3482
Carma Fadel,edith.mayer@yahoo.com,887-290-3061 x0789
Rhett Goodwin,otis.quitzon@gmail.com,888.799.2801 x81175
Ms. Haley Olson,deirdre.paucek@gmail.com,424.826.8728 x4819
Dr. Beverly Stroman,ulrike.king@hotmail.com,688-817-2049 x420
Marlon Treutel V,carlos.mclaughlin@hotmail.com,458.824.7333
Toi Keeling,dimple.dubuque@yahoo.com,209-989-8949 x1466
Marcos Wunsch,antwan.ritchie@hotmail.com,1-904-386-0860 x74032
Mr. Rolf Borer,holley.keebler@yahoo.com,(311) 291-4748
Mrs. Nickolas Beier,carla.blick@gmail.com,1-330-149-3132
Tamica Lynch,ivory.dicki@hotmail.com,(976) 656-7562 x413
Dr. Shanna Bogisich,sterling.rau@hotmail.com,(386) 383-2019 x93535
Dave Ebert,bernie.botsford@gmail.com,(278) 293-2335 x640
Edna Leuschke,trang.stamm@hotmail.com,(137) 721-4370 x6971
Frederick Metz DDS,miguel.stark@gmail.com,213-864-8362 x202
Mrs. Nancie Baumbach,hellen.kautzer@yahoo.com,(422) 968-7347
Larry Mitchell,tarsha.lehner@yahoo.com,(055) 598-5631
Graciela Kerluke,herman.koepp@yahoo.com,797-933-2567 x07513
Frederick Gerhold,thora.kohler@yahoo.com,1-112-424-2706
Arden Parisian,mozell.conn@hotmail.com,637.756.3745 x88075
Bambi Jenkins,cleo.mertz@gmail.com,339.594.3805
Nathan Schmeler,trula.hegmann@yahoo.com,150.472.1558 x722
Shelton Hessel DDS,joya.considine@gmail.com,282-851-8209 x1028
Doug Hartmann,roosevelt.hermann@hotmail.com,1-059-258-2573 x270
Lawrence Hickle,bette.aufderhar@yahoo.com,534-393-0637 x6577
Mariana Cruickshank,alex.osinski@gmail.com,1-133-891-2560
Gregg Bruen V,mario.prosacco@hotmail.com,904-280-7364
Concha Feest,dorothea.stiedemann@yahoo.com,615-669-0258 x5838
Lindy Zboncak II,floyd.kohler@hotmail.com,344.739.1171
Rosina Bartoletti MD,bobby.wiegand@yahoo.com,816-953-2662 x621
Ms. Carey Moen,angeline.ryan@hotmail.com,580.211.6793 x8910
Miss Otto Kirlin,roderick.hayes@yahoo.com,541-548-6912 x629
Han Haag,clementina.schowalter@hotmail.com,(594) 769-6743
Chong Klein,rubye.feil@hotmail.com,(782) 228-2697
Mauricio Jerde,danna.auer@hotmail.com,967-418-3689 x528
Patrick Baumbach,shane.mueller@hotmail.com,429-131-1876
Rocky Miller,fransisca.gusikowski@yahoo.com,792.910.0806
Kandace Waelchi Jr.,margurite.pagac@gmail.com,1-031-057-7143 x7076
Ching Erdman IV,danial.altenwerth@yahoo.com,091-657-6283
Mrs. Jacinda Schaden,parker.turcotte@gmail.com,412.999.7145 x2211
Mrs. Sofia Nikolaus,louie.kautzer@hotmail.com,831-897-7489 x389
Juan Lang,maire.ullrich@yahoo.com,122-053-4028
Norberto Hermann,magnolia.ondricka@hotmail.com,419.896.1496 x69608
Delfina Farrell,nena.carroll@yahoo.com,018-527-1572 x617
Carolina Jones,olimpia.parisian@hotmail.com,(698) 743-9858 x85103
Nina Wiza,rita.schinner@gmail.com,944.200.4660 x5485
Maurice Witting,lyndon.feest@yahoo.com,700-233-8786 x913
Denae Vandervort,alina.schuster@gmail.com,(849) 819-3153 x014
Rosanne Kunde,linnea.nienow@hotmail.com,(877) 052-1040
Mrs. Shad Hamill,chanell.carter@gmail.com,233.036.0266 x6255
Carmine Fadel PhD,maurita.buckridge@gmail.com,458.370.2354
Demarcus Hyatt,russell.gerhold@yahoo.com,235-376-2121
Miss Elouise Reilly,keva.kutch@hotmail.com,051-855-8626 x7537
Edwardo Gorczany,alix.homenick@hotmail.com,151-722-4854 x0202
Mr. Rafael Schumm,genesis.vandervort@gmail.com,1-073-011-3697
Tory Jones II,bailey.friesen@yahoo.com,(215) 710-9988 x7722
Darby Lesch,jessenia.johnston@hotmail.com,(418) 912-6150
Ms. Erick Dietrich,tanner.bashirian@gmail.com,710-537-4462 x4920
Stevie Cummings,aurelio.ankunding@hotmail.com,276.407.4782
Francisco Casper,florrie.emard@gmail.com,256.418.9003
Salena Klein,earle.thompson@yahoo.com,1-878-692-1785
Mellie Macejkovic,enrique.flatley@yahoo.com,(781) 647-7948
Kermit Bode,tarah.pfeffer@gmail.com,274.925.6527
Lee Powlowski,laquita.monahan@yahoo.com,1-831-951-6706 x9795
Ms. Marion Pouros,donette.wilderman@hotmail.com,523-860-1098 x274
Jae Bartoletti,gilberto.greenholt@gmail.com,(424) 745-1822 x668
Jake Wolff,hong.pfeffer@gmail.com,495-049-8240
Jewel Kemmer,lupe.renner@gmail.com,(537) 439-7338 x21015
Janee Marks,freeda.koch@hotmail.com,1-874-119-0353
Ms. Stormy O'Connell,marchelle.johnson@gmail.com,1-566-938-4785
Elbert Kiehn,sebastian.donnelly@gmail.com,449.160.3527
Miss Randall Swaniawski,augustina.harris@hotmail.com,(134) 935-7265 x71893
Jason Schuppe,kevin.kassulke@hotmail.com,949-490-5956
Jane Swaniawski,madaline.thompson@hotmail.com,1-228-431-0648 x37356
Dr. Valentine Mann,lyndia.west@yahoo.com,(310) 667-7568
Simone Keeling PhD,priscilla.gleichner@gmail.com,181-633-1529
Narcisa Connelly,hal.kiehn@hotmail.com,(197) 414-5848 x93028
Stuart Davis I,wilford.hermann@gmail.com,612.774.0419 x947
Dr. Bambi Quigley,patience.strosin@yahoo.com,(313) 972-2453 x64975
Pedro Treutel,hong.okuneva@hotmail.com,1-903-818-9920
Jordan Tremblay,jonell.yost@hotmail.com,069-941-1430
Jamie Reynolds MD,stuart.langosh@hotmail.com,352-456-6942 x97818
Miss Beatriz Kuvalis,edwin.wiegand@hotmail.com,529-139-0940
