名字, Email
Josue Nolan,sheba.aufderhar@hotmail.com,(867) 631-2597
Thalia Tillman,fredericka.stracke@yahoo.com,1-102-691-9898 x30300
Germaine Hickle,gary.schroeder@yahoo.com,1-234-648-1625
Altagracia Becker,milo.mcdermott@yahoo.com,(235) 500-0688 x2366
Ryan Gerlach V,vito.skiles@hotmail.com,070.541.1030
Basil Larkin,madalene.roberts@gmail.com,1-190-099-1215 x22247
Tim Schumm,lenora.adams@hotmail.com,447.676.8160
Mrs. Shanita Keebler,lazaro.zboncak@gmail.com,1-949-030-5226
Werner Kunze DVM,leland.buckridge@hotmail.com,(566) 490-8271
Emmitt Towne,senaida.thompson@yahoo.com,1-318-859-8094
Dustin Gerhold,fletcher.stiedemann@yahoo.com,(851) 159-2315
Dr. Sandra Mante,tyrone.robel@yahoo.com,100-137-7300 x115
Nathaniel Wisoky,willian.little@gmail.com,912-224-6144
Zonia Feil,logan.tromp@yahoo.com,562-097-9324
Ms. Stepanie Ernser,eusebia.halvorson@yahoo.com,1-425-649-8578 x183
Diedra Blick,franklin.hegmann@yahoo.com,(647) 418-7932
Latrisha Rodriguez,franklin.hegmann@hotmail.com,012-667-5031
Kent Ward IV,kirby.howe@hotmail.com,1-031-127-5905
Toby Mante I,cecile.bernier@yahoo.com,1-529-494-5859
Ervin Boehm DDS,romelia.brown@yahoo.com,518-855-6635 x59571
Carol O'Kon V,josefa.dubuque@gmail.com,1-392-878-6906
Miss Adam Bahringer,denver.mcclure@hotmail.com,116.655.4779
Sana Sporer,elroy.schuster@hotmail.com,(021) 905-5596 x89780
Myong Hauck,eddy.klein@hotmail.com,1-534-604-7213 x69109
Rutha Armstrong,rachael.abernathy@gmail.com,1-259-082-6177 x1031
Vania Prohaska,forest.koepp@gmail.com,(401) 554-9072 x0589
Sherman Leannon,emmanuel.abbott@hotmail.com,565-028-0369 x40097
Phillip Harber,isaac.haag@yahoo.com,283.597.4383 x48881
Henry Stamm,aja.gleason@gmail.com,487.569.9093
Jared Predovic,eusebia.mclaughlin@hotmail.com,794-933-5550
Dr. Kate Ledner,raymond.leuschke@yahoo.com,479.762.5792 x067
Maranda McCullough,maximo.kessler@hotmail.com,818.772.6383
Mrs. Wilmer Ryan,walton.durgan@hotmail.com,399-662-1603 x1419
Zoraida Rutherford,kylee.skiles@yahoo.com,1-266-398-3608 x43060
Patrice Champlin,lindsey.kuvalis@hotmail.com,(894) 041-1278 x8584
Lennie Stehr,darrell.smitham@hotmail.com,(711) 367-6942 x19510
Jerald Erdman I,mandy.jenkins@hotmail.com,1-219-207-6257 x3706
Vernie Heller,ruth.conroy@yahoo.com,1-045-132-2642 x4831
Dick O'Keefe,trent.durgan@yahoo.com,249-438-0245 x26625
Suzie Wisozk Sr.,felix.hayes@gmail.com,(120) 160-0778 x96297
Avery Leannon,celia.gorczany@hotmail.com,628-108-7291 x3232
Mrs. Josiah Doyle,oren.reichel@yahoo.com,945.108.6030
Demetrice Runolfsson,janessa.hessel@hotmail.com,973.794.3452 x32461
Vickey Raynor,shandi.altenwerth@yahoo.com,1-338-068-7519 x42781
Emery Metz,tonja.oconner@hotmail.com,747.679.6442 x8735
Hsiu McLaughlin,andera.huels@gmail.com,356-598-0223
Conchita Klein,antwan.jerde@hotmail.com,(363) 426-5611
Randell Marks,dreama.crist@yahoo.com,475-296-3530
Sammy Cormier,alfonso.mann@gmail.com,(753) 454-1852
Theo Considine,isaac.littel@hotmail.com,024.009.9057 x8051
Ashlyn Mosciski,hayley.bahringer@gmail.com,361.524.4022
Jewell Kessler,jefferson.macejkovic@hotmail.com,1-145-407-0637 x8046
Larry Padberg,lilla.damore@hotmail.com,1-739-947-6155
Keely Marvin,norbert.rempel@yahoo.com,141.889.1239 x8862
Jose Hodkiewicz V,jayson.anderson@hotmail.com,1-633-519-1604 x59207
Van Goldner,teodoro.gottlieb@hotmail.com,(367) 827-2704 x118
Karen Ferry DVM,mary.graham@gmail.com,1-019-592-0302
Dr. Chantal Becker,arnulfo.mcdermott@yahoo.com,1-712-723-1552 x5805
Mrs. Malik Bartell,joesph.gutkowski@hotmail.com,883.544.2366 x813
Harland Hoppe,jan.champlin@gmail.com,905-622-7143 x3665
Calvin Connelly,kevin.jast@yahoo.com,450-551-2092
Minda Price IV,francisco.nicolas@gmail.com,1-063-054-7138 x638
Elbert Crist Sr.,elvia.grimes@gmail.com,1-370-121-3580 x7480
Adalberto Marks,hiroko.stokes@gmail.com,1-504-202-9109 x976
Daryl Crooks,hank.lueilwitz@hotmail.com,1-462-761-0757 x981
Normand Howe,roxy.jacobs@yahoo.com,559.941.6863 x8805
Pam Little,holley.nader@gmail.com,1-834-690-3892 x16064
Phillip Jones,arlen.moore@yahoo.com,127.864.4195 x104
Milagros Nikolaus,carie.mckenzie@yahoo.com,593-650-2528
Mr. Fernande Stracke,lettie.koss@gmail.com,(777) 960-1798
Sonja Simonis,chad.damore@yahoo.com,337-259-1232 x503
Patricia Bernhard,lan.russel@yahoo.com,896.602.7031 x054
August Bruen Sr.,eddie.hickle@gmail.com,(345) 036-2666 x11116
Mose Dicki,keesha.bins@yahoo.com,275.065.0125 x1920
Miss Dannie Baumbach,lorette.streich@hotmail.com,692.202.7756 x897
Dominque Schroeder,efren.ohara@hotmail.com,(747) 293-5929 x62773
Mr. Kim Brown,marinda.smitham@yahoo.com,691.745.7772 x3945
Ms. Reagan Dach,elden.ebert@gmail.com,009-791-6917 x02912
Russ Medhurst,mabel.casper@gmail.com,1-591-131-3583 x59863
Adalberto Parisian,allen.hyatt@gmail.com,887-557-4088
Ms. Evita Hirthe,lorinda.shields@gmail.com,(043) 718-9501 x9445
Nathaniel Windler,mitch.lakin@yahoo.com,1-297-873-0410
Jarred Bartell,althea.blick@gmail.com,156.408.3557 x177
Emilie Jerde,yolonda.ohara@yahoo.com,259-865-2446
Jorge Kassulke,jeremiah.von@yahoo.com,081-591-0839
Ayako Hauck,carlo.beahan@hotmail.com,041-832-2601 x512
Miss Jeffery Macejkovic,devon.lebsack@yahoo.com,(273) 433-6949 x7290
Vaughn Predovic,johnie.senger@gmail.com,977.642.8506
Jarod Ward,louis.leuschke@yahoo.com,(789) 303-8515 x53442
Spencer Batz,stephany.satterfield@hotmail.com,801-677-6587
Nickie Morar,verlie.beer@gmail.com,1-952-445-7727
India Breitenberg,kanesha.casper@gmail.com,137.003.3125 x7793
Javier Daniel,lisabeth.romaguera@hotmail.com,891-606-0323 x766
Kai Metz,woodrow.weissnat@yahoo.com,980.466.4499 x801
Leonardo Haag V,senaida.mccullough@gmail.com,783.569.4149 x58742
Cleora Johns,lizette.heaney@yahoo.com,1-627-532-2058 x338
Darrin Shields,brent.berge@hotmail.com,(125) 806-2938 x293
Norbert Kemmer,blake.hahn@gmail.com,335-308-1218 x9218
Un Herman,cindy.moore@hotmail.com,739.294.8002 x1012
Myriam D'Amore,owen.conn@gmail.com,369-802-7414 x43727
